{"ssc": {"lr": 0.006275157752808929, "weight_decay": 0.0164670456128367, "lambda_ssc": 0.001730888540732908}, "baseline": {"lr": 0.009529651585071979, "weight_decay": 0.00016152896306362736}}