{"lr": 0.005497527456622683, "weight_decay": 1.7944695048030933e-05, "p_base": 0.06790255164995783, "gamma": 0.7988933429241282}