{
    "mlp": {
        "best_lr": 0.0094402030606134,
        "accuracies": [
            0.7544999718666077
        ],
        "final_accuracy": 0.7544999718666077
    },
    "gru": {
        "best_lr": 0.0060180610493180174,
        "accuracies": [
            0.29899999499320984,
            0.6930000185966492,
            0.7310000061988831,
            0.7409999966621399,
            0.737500011920929,
            0.7390000224113464
        ],
        "final_accuracy": 0.7390000224113464
    },
    "gir_none": {
        "best_lr": 0.0028817868780777515,
        "accuracies": [
            0.3264999985694885,
            0.7170000076293945,
            0.762499988079071,
            0.7609999775886536,
            0.7670000195503235,
            0.7670000195503235
        ],
        "final_accuracy": 0.7670000195503235
    },
    "gir_max_prob": {
        "best_lr": 0.004297547167426853,
        "accuracies": [
            0.31450000405311584,
            0.7285000085830688,
            0.75,
            0.7515000104904175,
            0.7524999976158142,
            0.75
        ],
        "final_accuracy": 0.75
    },
    "gir_entropy": {
        "best_lr": 0.0030365332670668275,
        "accuracies": [
            0.30550000071525574,
            0.7135000228881836,
            0.7630000114440918,
            0.7699999809265137,
            0.7684999704360962,
            0.7680000066757202
        ],
        "final_accuracy": 0.7680000066757202
    },
    "gir_learned": {
        "best_lr": 0.0012617065380443263,
        "accuracies": [
            0.32249999046325684,
            0.6915000081062317,
            0.7365000247955322,
            0.7379999756813049,
            0.7379999756813049,
            0.7390000224113464
        ],
        "final_accuracy": 0.7390000224113464
    }
}