{
    "baseline": {
        "lr": 0.0012976137231072004,
        "weight_decay": 6.530943582870352e-05
    },
    "gnvr": {
        "lr": 0.007938785973637626,
        "weight_decay": 0.00493059131926632,
        "lambd": 0.025635517372457544
    }
}