{
    "baseline": {
        "test_acc_mean": 0.47625,
        "test_acc_std": 0.01504160895649132,
        "train_loss": [
            2.089031965136528,
            1.9049439531564711,
            1.7960688889026641,
            1.6889822697639463,
            1.600222505927086,
            1.5153084319829941,
            1.4317669731378557,
            1.354408376812935,
            1.2793510043621064,
            1.208788339495659,
            1.1416380548477174,
            1.0772812721133231,
            1.0102553561329841,
            0.946092934012413,
            0.8852926886081696,
            0.826731126308441,
            0.7569706320762635,
            0.7023124438524246,
            0.6407048325240612,
            0.5798231191933155,
            0.5277507883310317,
            0.4758994974195957,
            0.4291486578434706,
            0.3827075551450253,
            0.33595214873552326,
            0.2976869837194681,
            0.2571733635663986,
            0.22634392574429513,
            0.19435770191252233,
            0.16810299556702374
        ],
        "val_acc": [
            0.22156249999999997,
            0.2446875,
            0.2859375,
            0.31406249999999997,
            0.33687500000000004,
            0.35,
            0.36843750000000003,
            0.37593750000000004,
            0.383125,
            0.395625,
            0.38718749999999996,
            0.3875,
            0.3953125,
            0.3828125,
            0.3818750000000001,
            0.38093750000000004,
            0.37843750000000004,
            0.3803125,
            0.38125,
            0.36968750000000006,
            0.3796875,
            0.37875,
            0.37093750000000003,
            0.371875,
            0.368125,
            0.37374999999999997,
            0.37375,
            0.37125,
            0.375,
            0.3675
        ]
    },
    "gnvr": {
        "test_acc_mean": 0.47824999999999995,
        "test_acc_std": 0.017277152543171012,
        "train_loss": [
            1.9768964684009553,
            1.8155643320083619,
            1.7036332631111144,
            1.5929836308956147,
            1.5017457485198975,
            1.4123457038402556,
            1.3417722284793856,
            1.2599152147769928,
            1.1924328023195265,
            1.1368707045912743,
            1.0670332118868828,
            1.027710839807987,
            0.9735159364342689,
            0.9326076033711435,
            0.8914082324504854,
            0.8335920524597167,
            0.8022433948516845,
            0.7704388260841369,
            0.765858499109745,
            0.725562058389187,
            0.680854309052229,
            0.6499979454278947,
            0.6249074956774712,
            0.6144141221046449,
            0.5982088503241539,
            0.5749276834726333,
            0.5366439512372017,
            0.5599866238236427,
            0.5455112887918949,
            0.5092658168077469
        ],
        "val_acc": [
            0.22312500000000002,
            0.275,
            0.3153125,
            0.3471875,
            0.35531250000000003,
            0.370625,
            0.37625000000000003,
            0.39656250000000004,
            0.37125,
            0.3871875,
            0.38093750000000004,
            0.37875000000000003,
            0.3934375,
            0.38906250000000003,
            0.384375,
            0.385625,
            0.3953125,
            0.38156249999999997,
            0.38843750000000005,
            0.38625000000000004,
            0.39249999999999996,
            0.3878125,
            0.3821875,
            0.37812500000000004,
            0.3753125,
            0.37156249999999996,
            0.3725,
            0.3696875,
            0.3678125,
            0.3834375
        ]
    }
}