{
    "Baseline": {
        "mean_acc": 0.53125,
        "std_acc": 0.005361902647381799,
        "accs": [
            0.53,
            0.54125,
            0.53,
            0.53,
            0.525
        ]
    },
    "FixedLS": {
        "mean_acc": 0.55325,
        "std_acc": 0.006547900426854366,
        "accs": [
            0.55375,
            0.565,
            0.55125,
            0.55125,
            0.545
        ]
    },
    "LGALS": {
        "mean_acc": 0.5715,
        "std_acc": 0.011656543226874752,
        "accs": [
            0.57625,
            0.59,
            0.555,
            0.565,
            0.57125
        ]
    }
}