{
    "backprop": 0.7350000143051147,
    "stacking": 0.6470000147819519,
    "boosting": 0.671999990940094,
    "boosting_fd": 0.6460000276565552
}