{"Baseline": {"train_loss": [2.083037691116333, 1.7323999691009522, 1.6272203350067138, 1.5201377964019775, 1.3892198896408081, 1.2814970016479492, 1.199301428794861, 1.1355990505218505, 1.085836398601532, 1.0412630343437195, 0.989316954612732, 0.9504066729545593, 0.9132655501365662, 0.8820506167411805, 0.8346464228630066, 0.8076228952407837, 0.7744180822372436, 0.7360144257545471, 0.7118111181259156, 0.6864766502380371, 0.6617132139205932, 0.6350226080417634, 0.6065748238563538, 0.5782554936408997, 0.5686138713359833, 0.541734117269516, 0.5136249649524689, 0.49618501782417296, 0.4766838479042053, 0.4602105665206909, 0.44234578013420106, 0.419044144153595, 0.39330838441848753, 0.3803210246562958, 0.3642714548110962, 0.3422175073623657, 0.32507689237594606, 0.31120204031467436, 0.29728415846824646, 0.28480593919754027, 0.27030085802078246, 0.2563452744483948, 0.24069865942001342, 0.22732764601707459, 0.21583715200424194, 0.19658380925655364, 0.18944152534008027, 0.1839844051003456, 0.17121699184179306, 0.16249480843544006, 0.15196855276823043, 0.14321616113185884, 0.13639218509197235, 0.12685829699039458, 0.11738244026899337, 0.10928298205137253, 0.10061228275299072, 0.09318802893161773, 0.08935249716043472, 0.08444442421197891, 0.07669630289077758, 0.07443975031375885, 0.0676180262863636, 0.06349718645215034, 0.059804768562316896, 0.05827904462814331, 0.05444741427898407, 0.05145638033747673, 0.04813485786318779, 0.04313719660043716, 0.040751502215862274, 0.03870900101959705, 0.0360702783614397, 0.03459753416478634, 0.03301362983882427, 0.030365820676088333, 0.029280204474925995, 0.028246691972017287, 0.026574034690856934, 0.024619887471199035, 0.023823967054486275, 0.022671252936124802, 0.021676925495266914, 0.020789734721183777, 0.01993608497083187, 0.019002003632485866, 0.01802602455019951, 0.017699997052550317, 0.016727483347058297, 0.016032459698617458, 0.015314717888832092, 0.01479238148778677, 0.01380349911749363, 0.013544341698288918, 0.013059406131505967, 0.012511397302150727, 0.012238510586321354, 0.011842552311718465, 0.01138636752963066, 0.011047738678753376], "test_acc": [0.20374999940395355, 0.3187499940395355, 0.3725000023841858, 0.4037500023841858, 0.4362500011920929, 0.4650000035762787, 0.4762499928474426, 0.48875001072883606, 0.5037500262260437, 0.5112500190734863, 0.518750011920929, 0.5262500047683716, 0.5137500166893005, 0.5062500238418579, 0.5224999785423279, 0.5249999761581421, 0.5362499952316284, 0.5237500071525574, 0.5487499833106995, 0.5475000143051147, 0.543749988079071, 0.5224999785423279, 0.550000011920929, 0.5375000238418579, 0.5525000095367432, 0.5450000166893005, 0.5487499833106995, 0.550000011920929, 0.5475000143051147, 0.543749988079071, 0.5600000023841858, 0.5649999976158142, 0.5550000071525574, 0.5487499833106995, 0.5737500190734863, 0.5674999952316284, 0.5600000023841858, 0.5712500214576721, 0.5649999976158142, 0.5625, 0.5649999976158142, 0.5637500286102295, 0.5625, 0.5712500214576721, 0.5674999952316284, 0.5687500238418579, 0.5612499713897705, 0.5724999904632568, 0.5562499761581421, 0.5737500190734863, 0.5737500190734863, 0.5475000143051147, 0.5724999904632568, 0.5687500238418579, 0.5699999928474426, 0.5587499737739563, 0.5649999976158142, 0.5662500262260437, 0.5774999856948853, 0.5712500214576721, 0.5674999952316284, 0.5575000047683716, 0.5699999928474426, 0.5724999904632568, 0.5724999904632568, 0.5600000023841858, 0.5600000023841858, 0.5674999952316284, 0.5674999952316284, 0.5712500214576721, 0.5674999952316284, 0.5699999928474426, 0.5662500262260437, 0.574999988079071, 0.5737500190734863, 0.5674999952316284, 0.574999988079071, 0.5774999856948853, 0.5712500214576721, 0.5699999928474426, 0.5737500190734863, 0.5699999928474426, 0.5724999904632568, 0.581250011920929, 0.574999988079071, 0.5762500166893005, 0.5712500214576721, 0.5724999904632568, 0.574999988079071, 0.574999988079071, 0.5774999856948853, 0.5762500166893005, 0.5762500166893005, 0.5774999856948853, 0.5774999856948853, 0.5762500166893005, 0.5724999904632568, 0.5787500143051147, 0.5774999856948853, 0.5774999856948853], "train_acc": [0.1915625, 0.2825, 0.3425, 0.3940625, 0.4675, 0.511875, 0.5428125, 0.5746875, 0.5946875, 0.614375, 0.63125, 0.6446875, 0.6684375, 0.6709375, 0.69625, 0.7103125, 0.7225, 0.7440625, 0.7478125, 0.760625, 0.7721875, 0.78375, 0.796875, 0.8078125, 0.809375, 0.8184375, 0.8328125, 0.8321875, 0.845625, 0.850625, 0.8571875, 0.8665625, 0.8790625, 0.8834375, 0.8896875, 0.9065625, 0.9109375, 0.9125, 0.9221875, 0.921875, 0.93125, 0.9340625, 0.941875, 0.9484375, 0.9546875, 0.961875, 0.9634375, 0.96625, 0.971875, 0.97375, 0.976875, 0.9765625, 0.9809375, 0.984375, 0.98625, 0.9915625, 0.9928125, 0.995, 0.99625, 0.9978125, 0.998125, 0.998125, 0.99875, 0.9996875, 0.999375, 0.9996875, 0.9990625, 1.0, 0.999375, 1.0, 1.0, 1.0, 1.0, 1.0, 1.0, 1.0, 1.0, 1.0, 1.0, 1.0, 1.0, 1.0, 1.0, 1.0, 1.0, 1.0, 1.0, 1.0, 1.0, 1.0, 1.0, 1.0, 1.0, 1.0, 1.0, 1.0, 1.0, 1.0, 1.0, 1.0]}, "SGO": {"train_loss": [1.989389295578003, 1.678391604423523, 1.5173444986343383, 1.3696552896499634, 1.2496023988723755, 1.1549729776382447, 1.0595633029937743, 0.9854223036766052, 0.92311532497406, 0.8554641079902648, 0.8111637592315674, 0.7649548149108887, 0.7122379279136658, 0.6716622090339661, 0.6379376292228699, 0.5974075353145599, 0.5621991217136383, 0.5382660913467407, 0.5144615912437439, 0.4825785326957703, 0.44508774280548097, 0.41861202120780944, 0.3968064081668854, 0.36963403344154355, 0.3383870804309845, 0.31782537937164307, 0.30051789224147796, 0.2965062069892883, 0.2564331287145615, 0.2295026499032974, 0.20486838787794112, 0.18300508141517638, 0.1660575458407402, 0.1469060942530632, 0.1310566011071205, 0.12401245653629303, 0.11181915193796158, 0.09813164740800857, 0.09545809715986252, 0.08606312915682793, 0.07104212701320649, 0.060976642370224, 0.05617919474840164, 0.05471659556031227, 0.04648566961288452, 0.04329654864966869, 0.04091636687517166, 0.03900051169097424, 0.03257623858749867, 0.028338694646954536, 0.025514532029628754, 0.023011679500341414, 0.021507438868284226, 0.019923105388879776, 0.018844695799052714, 0.017661824449896814, 0.016330063454806806, 0.015415366105735302, 0.014390878044068814, 0.013591307811439038, 0.012903699204325676, 0.012316713258624077, 0.011398891881108285, 0.010927113257348537, 0.010420522168278695, 0.009854104239493608, 0.009429635461419821, 0.009088022634387016, 0.008589979726821184, 0.008083338942378759, 0.007973095681518317, 0.0074958778545260426, 0.007227994445711375, 0.006969630979001522, 0.0067478215880692, 0.006420984491705894, 0.0061959422752261165, 0.006031482722610235, 0.005713308583945036, 0.005540077909827233, 0.005347914174199104, 0.005169274490326643, 0.004983807671815157, 0.004765108656138182, 0.0046408237144351, 0.004509546319022775, 0.004351819977164269, 0.0042510586883872745, 0.004134206837043166, 0.004028900861740113, 0.003946239026263356, 0.003798935618251562, 0.0036470337212085725, 0.0035425815358757972, 0.003452870547771454, 0.0033692046348005535, 0.003240178246051073, 0.003173533780500293, 0.0030939418636262415, 0.0029918477311730385],