{
    "mlp": {
        "accuracy": 0.7534999847412109,
        "best_lr": 0.001730747655807155
    },
    "conv1d": {
        "accuracy": 0.9745000004768372,
        "best_lr": 0.006688298207144865
    },
    "morphology": {
        "accuracy": 0.890500009059906,
        "best_lr": 0.007793989647338875
    }
}