{
    "LRQIN": {
        "best_lr": 0.001846787356418339,
        "final_mean": 0.7436,
        "final_std": 0.014478950238190602
    },
    "BaselineMLP": {
        "best_lr": 0.004549364362560369,
        "final_mean": 0.7466999999999999,
        "final_std": 0.018946239732464037
    }
}