{"lr": 0.004525293881820302, "weight_decay": 0.004970637237141725, "hidden_size": 406, "num_layers": 3}
