{"lr": 0.0006662974411498354, "wd": 8.169869472135893e-06, "nt": 75, "sl": 0.0001009665125361635, "dp": false, "iscl": 0.06435659070916337}