{"baseline": {"train": [42.75416666666666, 57.90416666666667, 63.6875, 67.74999999999999, 71.42916666666666, 74.59166666666668, 78.00833333333334, 80.40416666666665, 82.325, 84.41666666666667, 85.99166666666667, 87.24583333333334, 88.63333333333333, 89.54583333333333, 90.56666666666666, 91.14583333333333, 92.04583333333333, 92.575, 93.40833333333332, 93.5625, 94.16249999999998, 94.42083333333335, 94.88749999999999, 94.96250000000002, 94.90833333333335, 95.47499999999998, 95.95416666666667, 95.92083333333335, 96.22916666666667, 96.125, 96.65833333333335, 96.56666666666666, 96.40416666666665, 96.52083333333333, 97.10833333333335, 96.86666666666667, 96.50833333333333, 97.00416666666668, 96.625, 97.14583333333333, 97.3125, 97.08750000000002, 97.51666666666667, 97.5625, 97.36666666666666, 97.44166666666666, 97.3625, 97.07083333333333, 97.43333333333334, 97.52083333333333], "test": [53.51666666666667, 59.93333333333334, 64.0, 65.93333333333334, 68.33333333333334, 71.64999999999999, 71.96666666666667, 73.05, 73.78333333333333, 75.78333333333333, 76.25, 76.63333333333334, 76.01666666666667, 76.85, 77.26666666666667, 77.35, 77.75, 77.68333333333332, 77.98333333333333, 78.3, 78.81666666666666, 78.8, 78.26666666666667, 78.06666666666666, 78.93333333333334, 79.24999999999999, 80.08333333333333, 79.0, 79.8, 79.71666666666667, 78.93333333333334, 79.03333333333333, 79.46666666666667, 79.95, 79.60000000000001, 78.94999999999999, 79.43333333333332, 79.21666666666667, 79.53333333333333, 80.36666666666666, 79.58333333333333, 80.05, 80.2, 80.35000000000001, 79.63333333333334, 79.91666666666667, 80.08333333333333, 80.05, 79.48333333333333, 80.14999999999999], "test_std": [1.6392749074582393, 0.9131751687868503, 1.0824355254086349, 0.5792715732327613, 0.6328945848682522, 0.4143267631552023, 0.6510674994874854, 0.954812372493503, 1.1078006238589218, 0.4642796092394684, 0.28284271247462306, 0.5421151989096892, 0.7408703590297617, 0.9228578799938094, 0.23213980461973333, 0.5338539126015618, 0.6096447052723921, 1.0019425576792724, 0.023570226039550245, 0.7968688725254625, 0.7003967129816853, 0.4320493798938591, 0.8993825042154688, 0.2592724864350661, 0.6141841924229424, 0.3341656275960557, 0.46963342678684794, 0.4966554808583803, 0.32403703492039215, 0.9186342519680407, 0.28963578661638073, 1.0338708279513906, 0.6712343521867458, 1.3546217184144056, 0.8495096624916424, 0.08164965809277376, 0.3274480450731402, 0.7306770072260977, 0.6944222218666565, 1.134558161674504, 0.7531415685129993, 0.616441400296898, 0.48989794855663676, 0.47081489639418694, 0.49046463231874, 0.5792715732327551, 1.0873004286866748, 0.7626707459098402, 0.42882267767561905, 0.9416297927883702], "best_lr": 0.0030085531996737963}, "hermite": {"train": [39.5625, 45.637499999999996, 48.025, 48.866666666666674, 50.9, 52.40416666666666, 54.8375, 57.333333333333336, 60.741666666666674, 63.67499999999999, 66.72916666666667, 68.79583333333333, 71.39166666666667, 73.22500000000001, 74.90833333333333, 76.825, 78.72916666666667, 79.85833333333333, 80.8625, 82.15833333333333, 83.27083333333333, 83.925, 85.25416666666666, 86.25, 87.07916666666667, 87.49166666666667, 88.14999999999999, 88.83749999999999, 89.45416666666667, 89.77083333333333, 90.40000000000002, 90.77916666666665, 91.3, 91.44583333333333, 91.95833333333333, 92.92083333333333, 93.09166666666665, 92.75416666666666, 92.95833333333333, 93.50833333333333, 93.82499999999999, 94.01666666666667, 94.31666666666668, 94.50416666666666, 94.64999999999999, 95.14166666666667, 94.78333333333335, 94.78333333333335, 94.28750000000001, 94.79583333333333], "test": [46.4, 47.78333333333333, 47.833333333333336, 50.48333333333333, 50.46666666666667, 52.35, 53.26666666666667, 57.0, 58.333333333333336, 61.416666666666664, 63.550000000000004, 65.45, 67.83333333333333, 68.60000000000001, 69.81666666666668, 71.08333333333333, 72.01666666666667, 72.18333333333334, 73.31666666666668, 73.3, 72.85000000000001, 73.25, 73.65, 74.75, 74.85000000000001, 75.06666666666666, 75.21666666666668, 75.48333333333333, 74.43333333333334, 75.44999999999999, 75.73333333333333, 75.38333333333334, 75.05, 75.26666666666667, 76.25, 75.46666666666665, 75.83333333333333, 75.83333333333333, 76.23333333333333, 76.35000000000001, 75.58333333333333, 76.14999999999999, 76.0, 76.01666666666667, 76.03333333333333, 76.08333333333333, 76.11666666666667, 76.10000000000001, 75.78333333333335, 76.46666666666667], "test_std": [0.4415880433163938, 0.7586537784494036, 0.48705463987341496, 0.4766783215358359, 0.04714045207910384, 0.12247448713915775, 0.6637435917246628, 1.71610023017305, 1.4968485412878492, 1.0926522268722516, 1.9161593531506351, 1.0677078252031276, 1.0601362595859491, 0.3628590176179576, 0.8605553762283702, 0.47316898555261533, 0.8956685895029576, 0.4478342947514788, 0.47842333648024105, 0.674536878161601, 0.5522680508593608, 0.2677063067368131, 0.5715476066494131, 0.18708286933869783, 0.28284271247461634, 0.4326918328582383, 0.7442371187255363, 0.46427960923947487, 0.22484562605386615, 0.46368092477478284, 0.13123346456686266, 1.05698733304719, 0.7884584115009883, 0.33993463423951914, 0.7257180352359085, 0.5906681715556448, 0.3519785346990456, 0.06236095644623388, 0.3064129385141733, 0.8860022573334639, 0.6355225321645919, 0.9495613022162724, 0.34880749227427577, 0.6908127258687594, 0.37932688922469754, 0.49888765156985965, 0.8209073570683184, 1.3272779161376356, 0.3704351795148831, 0.10274023338281582], "best_lr": 0.0026035905360332584}}