{"baseline": {"lr": 0.005375589895713588, "weight_decay": 0.0019308670813700797}, "icsd": {"lr": 0.005273475455777263, "weight_decay": 3.8132152964851926e-05, "lambda_icsd": 0.01727142235998273}}