{"baseline": {"mean_test_acc": 0.7646, "std_test_acc": 0.007066823897621897, "histories": [{"train_loss": [1.6953639745712281, 1.283723750114441, 1.0470456779003143, 0.9180844724178314, 0.7952491164207458, 0.6912038099765777, 0.6062456083297729, 0.5066720485687256, 0.4256025826931, 0.36110075175762174, 0.31866678446531294, 0.2756637650728226, 0.2542669439315796, 0.19224858835339545, 0.14742277503013612, 0.13340828210115432, 0.12012982904911042, 0.096612468957901, 0.067916614189744, 0.04732424233108759, 0.048414689376950266, 0.05069606751203537, 0.054798045866191386, 0.08956444215029478, 0.11265849076211452, 0.21147428721189498, 0.21280134558677674, 0.14494392454624175, 0.0793894436582923, 0.040320356972515584, 0.028071779292076826, 0.010609704200178385, 0.003854764383286238, 0.0024746121442876757, 0.0017167276027612388, 0.0014508996007498354, 0.0013002942490857095, 0.001178405979881063, 0.0010811716853640974, 0.0010023438464850187, 0.0009341286460403353, 0.000874158701626584, 0.0008233088941778987, 0.0007765386387472973, 0.0007342126697767525, 0.0006978946493472904, 0.0006644345389213414, 0.000633015141938813, 0.0006038038257975131, 0.0005777991941431537], "train_acc": [0.31671875, 0.504375, 0.60015625, 0.64921875, 0.69921875, 0.73953125, 0.77328125, 0.8059375, 0.8390625, 0.86890625, 0.88359375, 0.90234375, 0.905625, 0.9328125, 0.9528125, 0.9565625, 0.9609375, 0.97, 0.98015625, 0.9890625, 0.988125, 0.9871875, 0.98453125, 0.96890625, 0.9625, 0.92671875, 0.92625, 0.94828125, 0.97515625, 0.98953125, 0.99203125, 0.99890625, 1.0, 0.99984375, 1.0, 1.0, 1.0, 1.0, 1.0, 1.0, 1.0, 1.0, 1.0, 1.0, 1.0, 1.0, 1.0, 1.0, 1.0, 1.0], "test_acc": [0.4235, 0.537, 0.5745, 0.6055, 0.614, 0.664, 0.658, 0.697, 0.6885, 0.712, 0.723, 0.6995, 0.711, 0.7255, 0.74, 0.709, 0.7135, 0.726, 0.736, 0.7395, 0.7465, 0.7275, 0.7285, 0.72, 0.715, 0.6725, 0.72, 0.736, 0.73, 0.7375, 0.7415, 0.752, 0.755, 0.752, 0.751, 0.753, 0.751, 0.753, 0.754, 0.753, 0.7535, 0.753, 0.7545, 0.751, 0.7515, 0.7525, 0.7525, 0.753, 0.753, 0.7545]}, {"train_loss": [1.6900228905677794, 1.291641228199005, 1.053829550743103, 0.9075959718227387, 0.8133117485046387, 0.6950057137012482, 0.5859830856323243, 0.5299477970600128, 0.47028438210487367, 0.37919639647006986, 0.2969767373800278, 0.2552702262997627, 0.2116256511211395, 0.17574509128928184, 0.1426057118177414, 0.13369921922683717, 0.15110681742429732, 0.11562762096524239, 0.13290272936224937, 0.12770721226930618, 0.0772985665500164, 0.05424187902361154, 0.043577746488153934, 0.042059323340654375, 0.0424008116312325, 0.036702264323830606, 0.04770845141261816, 0.0400753378495574, 0.056542334891855714, 0.0859615059569478, 0.17830954506993293, 0.17293796107172965, 0.15320794023573397, 0.10003913819789886, 0.0914314167946577, 0.06668411729857325, 0.0459902804903686, 0.034452528413385156, 0.02239923583343625, 0.019005815740674736, 0.017718901755288244, 0.01223018656950444, 0.009293496794998645, 0.00414125004899688, 0.0012456640193704515, 0.000750614131684415, 0.0006389061996014789, 0.0005719227052759379, 0.0005219819373451174, 0.00048364744521677493], "train_acc": [0.3296875, 0.50484375, 0.60203125, 0.65109375, 0.6865625, 0.73984375, 0.7825, 0.8028125, 0.8253125, 0.86515625, 0.8953125, 0.90703125, 0.923125, 0.94046875, 0.9553125, 0.9571875, 0.94859375, 0.9584375, 0.95890625, 0.956875, 0.9759375, 0.9834375, 0.98890625, 0.98859375, 0.98796875, 0.9903125, 0.98765625, 0.99078125, 0.9784375, 0.96796875, 0.94171875, 0.93984375, 0.9446875, 0.9653125, 0.9690625, 0.97515625, 0.98625, 0.989375, 0.99421875, 0.9946875, 0.9946875, 0.996875, 0.9975, 0.999375, 1.0, 1.0, 1.0, 1.0, 1.0, 1.0], "test_acc": [0.448, 0.5435, 0.5735, 0.6095, 0.6365, 0.6605, 0.667, 0.675, 0.683, 0.6955, 0.7255, 0.7175, 0.729, 0.709, 0.7335, 0.709, 0.7255, 0.716, 0.7025, 0.723, 0.721, 0.72, 0.7335, 0.739, 0.736, 0.7375, 0.725, 0.739, 0.729, 0.7165, 0.701, 0.7125, 0.71, 0.743, 0.718, 0.739, 0.742, 0.7305, 0.7405, 0.7375, 0.741, 0.731, 0.751, 0.7565, 0.757, 0.7585, 0.755, 0.7585, 0.7605, 0.7595]}, {"train_loss": [1.6649189329147338, 1.2738106083869933, 1.042108051776886, 0.8880378007888794, 0.7590935850143432, 0.6616758406162262, 0.5900829756259918, 0.48764037668704985, 0.4033341485261917, 0.34733591347932813, 0.27879253327846526, 0.237999324798584, 0.21130864351987838, 0.19142765536904335, 0.15652505710721015, 0.15607478857040405, 0.12808565124869348, 0.1000836269557476, 0.09122268609702587, 0.06058637149631977, 0.04602064115926623, 0.06578617036342621, 0.11338147982954978, 0.19723127111792566, 0.13424031630158426, 0.09248394012451172, 0.05513430718332529, 0.04014206759631634, 0.021858636876568197, 0.017520869076251985, 0.02070699001196772, 0.012558849938213825, 0.011855091629549862, 0.011939802686683834, 0.014623899511061609, 0.02499162631109357, 0.02447284132242203, 0.025853736996650695, 0.07934418654069304, 0.19384268559515477, 0.2969234074652195, 0.19782640770077706, 0.1187717179954052, 0.08032214365899563, 0.04762233179062605, 0.024271244071424006, 0.014552672957070172, 0.006360901677981019, 0.0035646080365404485, 0.0010647157579660416], "train_acc": [0.3384375, 0.51125, 0.6053125, 0.6575, 0.70953125, 0.746875, 0.7728125, 0.81765625, 0.85046875, 0.8678125, 0.89859375, 0.915, 0.923125, 0.9346875, 0.948125, 0.94359375, 0.95890625, 0.9684375, 0.97078125, 0.98390625, 0.989375, 0.98171875, 0.96375, 0.93390625, 0.95078125, 0.96859375, 0.984375, 0.98796875, 0.9953125, 0.995625, 0.994375, 0.99734375, 0.9975, 0.9965625, 0.99609375, 0.993125, 0.9921875, 0.9909375, 0.97453125, 0.9396875, 0.9090625, 0.9353125, 0.9621875, 0.9740625, 0.9859375, 0.993125, 0.99578125, 0.999375, 0.9996875, 1.0], "test_acc": [0.4065, 0.5485, 0.585, 0.616, 0.645, 0.6805, 0.686, 0.6905, 0.722, 0.7195, 0.7355, 0.737, 0.7525, 0.748, 0.7345, 0.728, 0.739, 0.7425, 0.7555, 0.749, 0.7425, 0.726, 0.716, 0.7215, 0.7365, 0.7345, 0.735, 0.754, 0.7595, 0.757, 0.76, 0.758, 0.7625, 0.759, 0.748, 0.7465, 0.7495, 0.7405, 0.7395, 0.7325, 0.7095, 0.721, 0.7455, 0.7475, 0.75, 0.7515, 0.7645, 0.765, 0.769, 0.7665]}, {"train_loss": [1.6634412264823915, 1.2574313354492188, 1.0192486894130708, 0.9020661926269531, 0.7933595943450927, 0.6747755420207977, 0.5646617007255554, 0.4822445398569107, 0.3989588838815689, 0.34230421364307406, 0.303487046957016, 0.2588775238394737, 0.21426853090524672, 0.17993019729852677, 0.15782686918973923, 0.16559733137488364, 0.13320389553904532, 0.08345940954983234, 0.09409207984805107, 0.1012618488073349, 0.09387789577245713, 0.05581819161772728, 0.06687862779945135, 0.12036161065101623, 0.07817373879253864, 0.06164207652211189, 0.046357468515634534, 0.06121768306940794, 0.06839547116309404, 0.08791903652250767, 0.0851760970056057, 0.07452852886170148, 0.06604484146460891, 0.06143676333129406, 0.0531636512838304, 0.09415196619927883, 0.15270382776856423, 0.08475412327796221, 0.0767384141497314, 0.053092663995921614, 0.04257282671518624, 0.023089575497433543, 0.007308685374446213, 0.0018779439537320287, 0.0008853000169619918, 0.0006842458475148306, 0.0005974956648424267, 0.0005403082200791686, 0.0004959345032693819, 0.000459790886961855], "train_acc": [0.3353125, 0.5153125, 0.6046875, 0.6521875, 0.69921875, 0.74546875, 0.78859375, 0.8215625, 0.853125, 0.875625, 0.889375, 0.91078125, 0.92875, 0.938125, 0.94828125, 0.9440625, 0.9525, 0.97328125, 0.9684375, 0.96796875, 0.96984375, 0.9853125, 0.9796875, 0.960625, 0.97265625, 0.97984375, 0.9853125, 0.98015625, 0.978125, 0.96921875, 0.969375, 0.97375, 0.9778125, 0.9809375, 0.9809375, 0.97203125, 0.95359375, 0.96828125, 0.973125, 0.98203125, 0.98609375, 0.99265625, 0.99890625, 0.99984375, 1.0, 1.0, 1.0, 1.0, 1.0, 1.0],