{
    "baseline": {
        "best_params": {
            "lr": 0.008070553189626782
        },
        "test_accuracies": [
            0.6869999766349792,
            0.7310000061988831,
            0.7409999966621399,
            0.7354999780654907,
            0.7319999933242798
        ]
    },
    "auxiliary": {
        "best_params": {
            "lr": 0.0017285362899486624,
            "lambda_loss": 0.03703603899153187
        },
        "test_accuracies": [
            0.5899999737739563,
            0.6269999742507935,
            0.6430000066757202,
            0.6420000195503235,
            0.640500009059906
        ]
    },
    "feedback": {
        "best_params": {
            "lr": 0.005697194316214594,
            "lambda_loss": 0.11525492223420063
        },
        "test_accuracies": [
            0.6520000100135803,
            0.7059999704360962,
            0.7105000019073486,
            0.7039999961853027,
            0.6995000243186951
        ]
    }
}