{"lr": 0.009088503004510268, "weight_decay": 0.0001010213498514079}