{"lr": 0.00566957006728095, "weight_decay": 0.02250113577996898, "lambda_aiga": 0.02833125969047101}