{
    "baseline": {
        "lr": 0.006201494876644227,
        "weight_decay": 0.0008671612853081357
    },
    "global_clip": {
        "lr": 0.0037527467446926742,
        "weight_decay": 0.0011762539041815074,
        "clip_val": 0.6508590134722407
    },
    "fixed_per_sample_clip": {
        "lr": 0.0009374338615000602,
        "weight_decay": 6.465593339340357e-05,
        "clip_val": 7.249998955039043
    },
    "rogc": {
        "lr": 0.001519792984276657,
        "weight_decay": 6.383432821450434e-06,
        "k": 0.004850343441674898
    }
}