{
    "baseline": {
        "lr": 0.005661940189781083,
        "weight_decay": 2.6409534626312283e-05
    },
    "global_clip": {
        "lr": 0.006975836595551094,
        "weight_decay": 1.5055441749361596e-06,
        "clip_val": 2.327651334355153
    },
    "fixed_per_sample_clip": {
        "lr": 0.009736345522283906,
        "weight_decay": 0.00011413339134431114,
        "clip_val": 8.943378872003342
    },
    "rogc": {
        "lr": 0.005754917196794608,
        "weight_decay": 0.0001259283718742678,
        "k": 3.234559141063331
    }
}