{
    "baseline": {
        "test_acc_mean": 0.60875,
        "test_acc_std": 0.010358169078880061,
        "train_loss": [
            1.798905438184738,
            1.4281873921553292,
            1.2103691026568413,
            1.0238540495435398,
            0.8862798934181532,
            0.7627229740222295,
            0.6400552054246267,
            0.5522384251157443,
            0.4325893767178058,
            0.3457404114305973,
            0.2789435625697176,
            0.22193696349859238,
            0.2063121320058902,
            0.19195587231467168,
            0.14234705107907455,
            0.10313645854281883,
            0.07405877423783143,
            0.06608577244138966,
            0.06543575305646905,
            0.07391095472266897,
            0.0864014534066276,
            0.08551390430366156,
            0.05673755742318462,
            0.03430816739370736,
            0.027268523708820186,
            0.012990996432199609,
            0.010736734670354053,
            0.006555880164281311,
            0.003105350792369184,
            0.0021475113705188655
        ],
        "val_acc": [
            0.30885416666666665,
            0.3953125,
            0.45156250000000003,
            0.5031249999999999,
            0.5343749999999999,
            0.5432291666666665,
            0.5614583333333333,
            0.5817708333333333,
            0.5682291666666667,
            0.5744791666666667,
            0.5666666666666667,
            0.5802083333333333,
            0.5755208333333334,
            0.5786458333333333,
            0.5822916666666665,
            0.5765625,
            0.5854166666666667,
            0.5833333333333334,
            0.5937500000000001,
            0.590625,
            0.5770833333333333,
            0.5807291666666666,
            0.5927083333333334,
            0.5895833333333332,
            0.5963541666666666,
            0.5958333333333333,
            0.5963541666666666,
            0.5984375000000001,
            0.6046874999999999,
            0.6083333333333333
        ]
    },
    "global_clip": {
        "test_acc_mean": 0.59,
        "test_acc_std": 0.009354143466934842,
        "train_loss": [
            1.7981136560440063,
            1.4364994446436565,
            1.2341439977288247,
            1.0506154497464497,
            0.8898590827981631,
            0.7628821407755216,
            0.6602568400402864,
            0.5340314952035744,
            0.4458644319325686,
            0.37797739828626314,
            0.29059865822394687,
            0.24649470237394175,
            0.23946642832209664,
            0.2276495278502504,
            0.14311896553263068,
            0.11779566062614322,
            0.1127520215076705,
            0.11705249026417734,
            0.11769434317635992,
            0.11507759702702364,
            0.11814041306109478,
            0.1136967177502811,
            0.1386703207467993,
            0.15595036153681577,
            0.13911851001903416,
            0.10743142982634406,
            0.09348568212008103,
            0.07428821270586923,
            0.05863417673487371,
            0.04743303007077581
        ],
        "val_acc": [
            0.3125,
            0.390625,
            0.45156250000000003,
            0.5041666666666668,
            0.5369791666666667,
            0.5385416666666666,
            0.5526041666666667,
            0.5755208333333334,
            0.5697916666666666,
            0.5723958333333333,
            0.5807291666666666,
            0.5796875,
            0.5682291666666667,
            0.5828125000000001,
            0.584375,
            0.5807291666666666,
            0.5890624999999999,
            0.5875,
            0.5828125,
            0.5859375,
            0.5796875,
            0.5734374999999999,
            0.5713541666666666,
            0.5739583333333333,
            0.5828125000000001,
            0.5921875,
            0.5859375,
            0.5901041666666667,
            0.5989583333333334,
            0.5895833333333333
        ]
    },
    "fixed_per_sample_clip": {
        "test_acc_mean": 0.60875,
        "test_acc_std": 0.002041241452319317,
        "train_loss": [
            1.6843882560729984,
            1.3576478511095047,
            1.1583195780714353,
            0.959612798690796,
            0.7966862715780735,
            0.6671658366918564,
            0.540559209883213,
            0.42225413744648294,
            0.30552074691901604,
            0.21879735168380043,
            0.16414863541722297,
            0.11238312202816209,
            0.06801914755875865,
            0.04847087902016938,
            0.03020845029192666,
            0.016063622400785484,
            0.011750824115006253,
            0.0074665079155238345,
            0.003810325061203912,
            0.003478002806756801,
            0.0016031427587828754,
            0.0026522158501999606,
            0.0008116792619451492,
            0.0007423583241082573,
            0.0007386147921351949,
            0.000991263156114049,
            0.00048501028983688834,
            0.0006533757932629669,
            0.0003417270140441057,
            0.0003427035970162251
        ],
        "val_acc": [
            0.3203125,
            0.3796875,
            0.4322916666666667,
            0.5046875000000001,
            0.5421874999999999,
            0.5421874999999999,
            0.5515625000000001,
            0.5817708333333332,
            0.5833333333333334,
            0.5947916666666667,
            0.5848958333333334,
            0.5984375000000001,
            0.5890625,
            0.5869791666666667,
            0.5885416666666666,
            0.5994791666666667,
            0.6062500000000001,
            0.5958333333333333,
            0.6135416666666665,
            0.6088541666666667,
            0.6057291666666668,
            0.6135416666666667,
            0.6177083333333333,
            0.6072916666666667,
            0.6052083333333333,
            0.6140625000000001,
            0.6104166666666666,
            0.6203124999999999,
            0.6182291666666666,
            0.6135416666666667
        ]
    },
    "rogc": {
        "test_acc_mean": 0.6008333333333334,
        "test_acc_std": 0.009260879487872018,
        "train_loss": [
            1.7011447946230571,
            1.3472339878479638,
            1.1156900321443877,
            0.9305844118197758,
            0.7788756380478542,
            0.6649755361179511,
            0.5534255102276802,
            0.4471513425310453,
            0.3431986064960559,
            0.2612872573236624,
            0.1986122088506818,
            0.13612791957954565,
            0.0799927460650603,
            0.041820675181224946,
            0.022233085652502874,
            0.01439316989465927,
            0.01121004962284739,
            0.009193327438939984,
            0.007429779066781824,
            0.0063542184730370835,
            0.005454275421410178,
            0.004810000652408538,
            0.004265309433685615,
            0.0038742176441398136,
            0.0034696122709040843,
            0.0030509127517386026,
            0.002769073722690033,
            0.0025535352498991418,
            0.002359755089855753,
            0.002136096292330573
        ],