{
    "baseline": {
        "test_acc_mean": 0.4666666666666666,
        "test_acc_std": 0.015286613606536785,
        "train_loss": [
            2.0838496804237363,
            1.8937627355257671,
            1.770370360215505,
            1.631863032778104,
            1.5074876248836517,
            1.3845904439687728,
            1.2643650164206823,
            1.1120789964993796,
            1.0087902148564658,
            0.8925011937816937,
            0.7563675654431185,
            0.6301399032274881,
            0.5463189974427223,
            0.43682737946510314,
            0.34736725129187107,
            0.27303929428259527,
            0.25289174045125645,
            0.20393932784597077,
            0.16492406375085314,
            0.14520632792264224,
            0.13340377043932675,
            0.1257203265403708,
            0.10276973276243856,
            0.10039465042840068,
            0.08277689470754317,
            0.08185365172103047,
            0.10259709614135015,
            0.10104864141224729,
            0.10748262801886692,
            0.08512003609018089
        ],
        "val_acc": [
            0.23072916666666665,
            0.27499999999999997,
            0.325,
            0.33958333333333335,
            0.3729166666666666,
            0.3692708333333334,
            0.3911458333333333,
            0.3880208333333333,
            0.38385416666666666,
            0.3567708333333333,
            0.3697916666666667,
            0.36093749999999997,
            0.3697916666666667,
            0.3802083333333333,
            0.3697916666666667,
            0.3619791666666667,
            0.3588541666666667,
            0.36302083333333335,
            0.3651041666666666,
            0.3651041666666666,
            0.3776041666666667,
            0.36354166666666665,
            0.37395833333333334,
            0.3807291666666666,
            0.37656249999999997,
            0.36510416666666673,
            0.3796875,
            0.37604166666666666,
            0.37864583333333335,
            0.3822916666666667
        ]
    },
    "global_clip": {
        "test_acc_mean": 0.4716666666666667,
        "test_acc_std": 0.015046225071056478,
        "train_loss": [
            2.0777178873618443,
            1.8825921833515167,
            1.750177945693334,
            1.6319351156552633,
            1.504277726014455,
            1.3915418088436127,
            1.2738296836614609,
            1.1522914638121924,
            1.0482089305917421,
            0.944103097418944,
            0.8263232285777727,
            0.7124371933440367,
            0.6272900730371475,
            0.5187492452561856,
            0.43976418922344845,
            0.3551845584064722,
            0.2954167241851489,
            0.24841635463138423,
            0.21150251273065804,
            0.17214051218082507,
            0.14486652752384543,
            0.13612497840076684,
            0.12066114141295353,
            0.12404869440943002,
            0.09999339813366533,
            0.08921977632368605,
            0.08837119319165747,
            0.08865949868535002,
            0.06905166362412274,
            0.08559638764709233
        ],
        "val_acc": [
            0.22447916666666665,
            0.28125,
            0.32135416666666666,
            0.340625,
            0.3651041666666666,
            0.3723958333333333,
            0.38958333333333334,
            0.3963541666666666,
            0.3755208333333333,
            0.3869791666666667,
            0.3885416666666666,
            0.375,
            0.37135416666666665,
            0.3927083333333334,
            0.371875,
            0.38697916666666665,
            0.37604166666666666,
            0.3723958333333333,
            0.3723958333333333,
            0.3723958333333333,
            0.36822916666666666,
            0.36562500000000003,
            0.3739583333333334,
            0.3723958333333333,
            0.3567708333333333,
            0.3651041666666666,
            0.3677083333333333,
            0.3770833333333334,
            0.3640625,
            0.37083333333333335
        ]
    },
    "fixed_per_sample_clip": {
        "test_acc_mean": 0.49666666666666665,
        "test_acc_std": 0.011288514320120043,
        "train_loss": [
            2.1129261900981264,
            1.9470307002464928,
            1.8730446785688402,
            1.7929170042276381,
            1.7122536997000377,
            1.646364817023277,
            1.5946312457323073,
            1.5439062347014747,
            1.4890820980072021,
            1.4476557264725367,
            1.39773594836394,
            1.35735452969869,
            1.3160635640223821,
            1.2700924689571063,
            1.2428051536281906,
            1.1983433072765668,
            1.1658528382579487,
            1.1318164512515068,
            1.0912388843794665,
            1.0625407323241234,
            1.0307641014456748,
            0.9918002525965374,
            0.9569891184568404,
            0.9348621914784113,
            0.8909398640195528,
            0.8633629565437634,
            0.8306352717181046,
            0.801773485292991,
            0.7767396646241348,
            0.7371971706549326
        ],
        "val_acc": [
            0.19947916666666665,
            0.22447916666666667,
            0.2604166666666667,
            0.2848958333333333,
            0.3052083333333333,
            0.3442708333333333,
            0.3520833333333333,
            0.35989583333333336,
            0.3692708333333334,
            0.37395833333333334,
            0.3859375,
            0.3812499999999999,
            0.3901041666666667,
            0.39166666666666666,
            0.3989583333333333,
            0.3854166666666667,
            0.40208333333333335,
            0.38645833333333335,
            0.3963541666666666,
            0.38697916666666665,
            0.39687500000000003,
            0.3859375,
            0.39427083333333335,
            0.3828125,
            0.38645833333333335,
            0.3885416666666666,
            0.38645833333333335,
            0.3854166666666667,
            0.38177083333333334,
            0.3859375
        ]
    },
    "rogc": {
        "test_acc_mean": 0.4945833333333334,
        "test_acc_std": 0.0011785113019775802,
        "train_loss": [
            2.069248209396998,
            1.910113807519277,
            1.7871815025806426,
            1.6859194179375965,
            1.5919181485970817,
            1.5051677763462068,
            1.4135538915793102,
            1.3301709552605947,
            1.2498333205779395,
            1.1830012371142704,
            1.0995545029640197,
            1.030636471013228,
            0.9723762507239977,
            0.8920803556839626,
            0.8265646745761236,
            0.755922616024812,
            0.7001179737349351,
            0.6324054268499215,
            0.5815217932065327,
            0.5359336542586485,
            0.49196607271830245,
            0.44479732625186436,
            0.40829377410312495,
            0.3820771761238575,
            0.3411386574308078,
            0.3196668732911348,
            0.2975893351559838,
            0.2807885661100348,
            0.2678896345819036,
            0.2521239107474685
        ],