{
    "Baseline": {
        "mean_val_acc": 0.6465624999999999,
        "std_val_acc": 0.008112971866092016,
        "mean_test_acc": 0.63675,
        "std_test_acc": 0.00539675828623072,
        "best_params": {
            "lr": 0.008531630002735656,
            "weight_decay": 0.0004244040280335284
        }
    },
    "GC": {
        "mean_val_acc": 0.6068749999999999,
        "std_val_acc": 0.004592793267718483,
        "mean_test_acc": 0.5985,
        "std_test_acc": 0.007640353394968037,
        "best_params": {
            "lr": 0.004136397701971223,
            "weight_decay": 1.1815417139104902e-05
        }
    },
    "NGS": {
        "mean_val_acc": 0.6,
        "std_val_acc": 0.00746083524144581,
        "mean_test_acc": 0.57975,
        "std_test_acc": 0.01638215492540589,
        "best_params": {
            "lr": 0.008838920060084753,
            "weight_decay": 6.994665255002715e-05
        }
    }
}