{"lr": 0.004590206857996659, "weight_decay": 5.418733899120107e-05, "lambda_intra": 0.0033605654776920793, "lambda_inter": 0.8224397601890158}