{"lr": 0.007482306538161495, "weight_decay": 0.001107395346602608}