{"Baseline": [0.6175, 0.6125, 0.58375], "SGA": [0.57125, 0.5775, 0.5825]}